,x_first,y_first,x_second,y_second,probability,type
0,472.19888,144.31483,592.8772,350.35687,0.9128608,Other plastic
1,398.05484,366.63898,447.31064,405.29535,0.9047775,Unlabeled litter
2,169.98958,608.3833,336.54367,750.0,0.89943075,Unlabeled litter
3,425.63434,200.77132,524.6141,401.8088,0.88624644,Unlabeled litter
4,206.13692,300.56018,219.6501,330.92493,0.7207647,Plastic straw
5,211.237,301.36276,305.33875,545.08014,0.26058525,Unlabeled litter
